Pages les plus populaires,Clics,Impressions,CTR,Position
https://nosvers.com/,26,141,18.44%,15.38
https://nosvers.com/lombrithe-engrais-liquide-vivant-biostimulant/,4,110,3.64%,12.64
https://nosvers.com/categorie-produit/lombricompost/,2,10,20%,5.8
https://nosvers.com/boutique/,1,17,5.88%,6.29
https://nosvers.com/produit/humus-lombric-amendement-bio/,0,42,0%,26.29
https://nosvers.com/a-venir/,0,4,0%,4
https://nosvers.com/categorie-produit/produits-numeriques/,0,3,0%,3.67
https://nosvers.com/a-venir-service-frais-livraison-24h/,0,2,0%,5.5
https://nosvers.com/produit/pack-engrais-vert-printemps-nosvers/,0,2,0%,6.5
https://nosvers.com/a-venir-pack-engrais-vert-automne/,0,2,0%,8
https://nosvers.com/etiquette-produit/elevage/,0,1,0%,6
https://nosvers.com/a-venir-atelier-sol-vivant-ferme/,0,1,0%,7
https://nosvers.com/a-venir-pack-engrais-vert-ete/,0,1,0%,7
https://nosvers.com/atelier/,0,1,0%,8
https://nosvers.com/etiquette-produit/peche/,0,1,0%,10