Requêtes les plus fréquentes,Clics,Impressions,CTR,Position
ferme lombricole,1,5,20%,37.8
biostimulants à base de lombricompost,0,14,0%,25.14
humus de lombric,0,9,0%,25.33
eleveur de vers de terre,0,5,0%,77.8
lombrithé prix,0,4,0%,10.75
lombrithé,0,4,0%,13
lombrithé bio,0,4,0%,26.5
engrais liquide lombricompost utilisation,0,4,0%,67.75
lombrithé composition,0,3,0%,7
humus vers de terre,0,3,0%,19.33
odeur lombrithé,0,2,0%,15
producteur de vers de terre,0,2,0%,36.5
happy vets,0,2,0%,37
lombrithé npk,0,2,0%,68
vers de terre à vendre dépanneur,0,1,0%,6
lombrithé odeur,0,1,0%,7
lombrithé production,0,1,0%,12
humus lombric,0,1,0%,16
kit élevage vers de terre,0,1,0%,29
engrais liquide lombricompost,0,1,0%,31
lombricompost liquide,0,1,0%,51
vers lombricomposteur toulouse,0,1,0%,53
vers pour lombricomposteur,0,1,0%,60
combien de vers pour lombricomposteur,0,1,0%,64
vers de terre achat,0,1,0%,76
vers humus,0,1,0%,77
vers de terre elevage,0,1,0%,92
lombric,0,1,0%,93
acheter vers de terre,0,1,0%,100